道北 旭川 の天気,http://weather.livedoor.com/area/forecast/012010
旭川市,http://weather.livedoor.com/area/forecast/0120400
士別市,http://weather.livedoor.com/area/forecast/0122000
名寄市,http://weather.livedoor.com/area/forecast/0122100
富良野市,http://weather.livedoor.com/area/forecast/0122900
鷹栖町,http://weather.livedoor.com/area/forecast/0145200
東神楽町,http://weather.livedoor.com/area/forecast/0145300
当麻町,http://weather.livedoor.com/area/forecast/0145400
比布町,http://weather.livedoor.com/area/forecast/0145500
愛別町,http://weather.livedoor.com/area/forecast/0145600
上川町,http://weather.livedoor.com/area/forecast/0145700
東川町,http://weather.livedoor.com/area/forecast/0145800
美瑛町,http://weather.livedoor.com/area/forecast/0145900
上富良野町,http://weather.livedoor.com/area/forecast/0146000
中富良野町,http://weather.livedoor.com/area/forecast/0146100
南富良野町,http://weather.livedoor.com/area/forecast/0146200
占冠村,http://weather.livedoor.com/area/forecast/0146300
和寒町,http://weather.livedoor.com/area/forecast/0146400
剣淵町,http://weather.livedoor.com/area/forecast/0146500
下川町,http://weather.livedoor.com/area/forecast/0146800
美深町,http://weather.livedoor.com/area/forecast/0146900
音威子府村,http://weather.livedoor.com/area/forecast/0147000
中川町,http://weather.livedoor.com/area/forecast/0147100
幌加内町,http://weather.livedoor.com/area/forecast/0147200
道北 留萌 の天気,http://weather.livedoor.com/area/forecast/012020
留萌市,http://weather.livedoor.com/area/forecast/0121200
増毛町,http://weather.livedoor.com/area/forecast/0148100
小平町,http://weather.livedoor.com/area/forecast/0148200
苫前町,http://weather.livedoor.com/area/forecast/0148300
羽幌町,http://weather.livedoor.com/area/forecast/0148401
天売焼尻,http://weather.livedoor.com/area/forecast/0148402
初山別村,http://weather.livedoor.com/area/forecast/0148500
遠別町,http://weather.livedoor.com/area/forecast/0148600
天塩町,http://weather.livedoor.com/area/forecast/0148700
道東 北見 の天気,http://weather.livedoor.com/area/forecast/013020
北見市北見,http://weather.livedoor.com/area/forecast/0120801
訓子府町,http://weather.livedoor.com/area/forecast/0154900
置戸町,http://weather.livedoor.com/area/forecast/0155000
道東 紋別 の天気,http://weather.livedoor.com/area/forecast/013030
紋別市,http://weather.livedoor.com/area/forecast/0121900
遠軽町,http://weather.livedoor.com/area/forecast/0155500
湧別町,http://weather.livedoor.com/area/forecast/0155900
滝上町,http://weather.livedoor.com/area/forecast/0156000
興部町,http://weather.livedoor.com/area/forecast/0156100
西興部村,http://weather.livedoor.com/area/forecast/0156200
雄武町,http://weather.livedoor.com/area/forecast/0156300
道東 根室 の天気,http://weather.livedoor.com/area/forecast/014010
根室市,http://weather.livedoor.com/area/forecast/0122300
別海町,http://weather.livedoor.com/area/forecast/0169100
中標津町,http://weather.livedoor.com/area/forecast/0169200
標津町,http://weather.livedoor.com/area/forecast/0169300
羅臼町,http://weather.livedoor.com/area/forecast/0169400
道東 釧路 の天気,http://weather.livedoor.com/area/forecast/014020
釧路市釧路,http://weather.livedoor.com/area/forecast/0120601
釧路市阿寒,http://weather.livedoor.com/area/forecast/0120602
釧路市音別,http://weather.livedoor.com/area/forecast/0120603
釧路町,http://weather.livedoor.com/area/forecast/0166100
厚岸町,http://weather.livedoor.com/area/forecast/0166200
浜中町,http://weather.livedoor.com/area/forecast/0166300
標茶町,http://weather.livedoor.com/area/forecast/0166400
弟子屈町,http://weather.livedoor.com/area/forecast/0166500
鶴居村,http://weather.livedoor.com/area/forecast/0166700
白糠町,http://weather.livedoor.com/area/forecast/0166800
道東 帯広 の天気,http://weather.livedoor.com/area/forecast/014030
帯広市,http://weather.livedoor.com/area/forecast/0120700
音更町,http://weather.livedoor.com/area/forecast/0163100
士幌町,http://weather.livedoor.com/area/forecast/0163200
上士幌町,http://weather.livedoor.com/area/forecast/0163300
鹿追町,http://weather.livedoor.com/area/forecast/0163400
新得町,http://weather.livedoor.com/area/forecast/0163500
清水町,http://weather.livedoor.com/area/forecast/0163600
芽室町,http://weather.livedoor.com/area/forecast/0163700
中札内村,http://weather.livedoor.com/area/forecast/0163800
更別村,http://weather.livedoor.com/area/forecast/0163900
大樹町,http://weather.livedoor.com/area/forecast/0164100
広尾町,http://weather.livedoor.com/area/forecast/0164200
幕別町,http://weather.livedoor.com/area/forecast/0164300
池田町,http://weather.livedoor.com/area/forecast/0164400
豊頃町,http://weather.livedoor.com/area/forecast/0164500
本別町,http://weather.livedoor.com/area/forecast/0164600
足寄町,http://weather.livedoor.com/area/forecast/0164700
陸別町,http://weather.livedoor.com/area/forecast/0164800
浦幌町,http://weather.livedoor.com/area/forecast/0164900
道南 浦河 の天気,http://weather.livedoor.com/area/forecast/015020
日高町日高,http://weather.livedoor.com/area/forecast/0160101
日高町門別,http://weather.livedoor.com/area/forecast/0160102
平取町,http://weather.livedoor.com/area/forecast/0160200
新冠町,http://weather.livedoor.com/area/forecast/0160400
浦河町,http://weather.livedoor.com/area/forecast/0160700
様似町,http://weather.livedoor.com/area/forecast/0160800
えりも町,http://weather.livedoor.com/area/forecast/0160900
新ひだか町,http://weather.livedoor.com/area/forecast/0161000
道央 岩見沢 の天気,http://weather.livedoor.com/area/forecast/016020
夕張市,http://weather.livedoor.com/area/forecast/0120900
岩見沢市,http://weather.livedoor.com/area/forecast/0121000
美唄市,http://weather.livedoor.com/area/forecast/0121500
芦別市,http://weather.livedoor.com/area/forecast/0121600
赤平市,http://weather.livedoor.com/area/forecast/0121800
三笠市,http://weather.livedoor.com/area/forecast/0122200
滝川市,http://weather.livedoor.com/area/forecast/0122500
砂川市,http://weather.livedoor.com/area/forecast/0122600
歌志内市,http://weather.livedoor.com/area/forecast/0122700
深川市,http://weather.livedoor.com/area/forecast/0122800
南幌町,http://weather.livedoor.com/area/forecast/0142300
奈井江町,http://weather.livedoor.com/area/forecast/0142400
上砂川町,http://weather.livedoor.com/area/forecast/0142500
由仁町,http://weather.livedoor.com/area/forecast/0142700
長沼町,http://weather.livedoor.com/area/forecast/0142800
栗山町,http://weather.livedoor.com/area/forecast/0142900
月形町,http://weather.livedoor.com/area/forecast/0143000
浦臼町,http://weather.livedoor.com/area/forecast/0143100
新十津川町,http://weather.livedoor.com/area/forecast/0143200
妹背牛町,http://weather.livedoor.com/area/forecast/0143300
秩父別町,http://weather.livedoor.com/area/forecast/0143400
雨竜町,http://weather.livedoor.com/area/forecast/0143600
北竜町,http://weather.livedoor.com/area/forecast/0143700
沼田町,http://weather.livedoor.com/area/forecast/0143800
道央 倶知安 の天気,http://weather.livedoor.com/area/forecast/016030
小樽市,http://weather.livedoor.com/area/forecast/0120300
島牧村,http://weather.livedoor.com/area/forecast/0139100
寿都町,http://weather.livedoor.com/area/forecast/0139200
黒松内町,http://weather.livedoor.com/area/forecast/0139300
蘭越町,http://weather.livedoor.com/area/forecast/0139400
ニセコ町,http://weather.livedoor.com/area/forecast/0139500
真狩村,http://weather.livedoor.com/area/forecast/0139600
留寿都村,http://weather.livedoor.com/area/forecast/0139700
喜茂別町,http://weather.livedoor.com/area/forecast/0139800
京極町,http://weather.livedoor.com/area/forecast/0139900
倶知安町,http://weather.livedoor.com/area/forecast/0140000
共和町,http://weather.livedoor.com/area/forecast/0140100
岩内町,http://weather.livedoor.com/area/forecast/0140200
泊村,http://weather.livedoor.com/area/forecast/0140300
神恵内村,http://weather.livedoor.com/area/forecast/0140400
積丹町,http://weather.livedoor.com/area/forecast/0140500
古平町,http://weather.livedoor.com/area/forecast/0140600
仁木町,http://weather.livedoor.com/area/forecast/0140700
余市町,http://weather.livedoor.com/area/forecast/0140800
赤井川村,http://weather.livedoor.com/area/forecast/0140900
道南 江差 の天気,http://weather.livedoor.com/area/forecast/017020
八雲町熊石,http://weather.livedoor.com/area/forecast/0134602
江差町,http://weather.livedoor.com/area/forecast/0136100
上ノ国町,http://weather.livedoor.com/area/forecast/0136200
厚沢部町,http://weather.livedoor.com/area/forecast/0136300
乙部町,http://weather.livedoor.com/area/forecast/0136400
奥尻町,http://weather.livedoor.com/area/forecast/0136700
今金町,http://weather.livedoor.com/area/forecast/0137000
せたな町,http://weather.livedoor.com/area/forecast/0137100
青森県 むつ の天気,http://weather.livedoor.com/area/forecast/020020
むつ市,http://weather.livedoor.com/area/forecast/0220800
大間町,http://weather.livedoor.com/area/forecast/0242300
東通村,http://weather.livedoor.com/area/forecast/0242400
風間浦村,http://weather.livedoor.com/area/forecast/0242500
佐井村,http://weather.livedoor.com/area/forecast/0242600
青森県 八戸 の天気,http://weather.livedoor.com/area/forecast/020030
八戸市,http://weather.livedoor.com/area/forecast/0220300
十和田市,http://weather.livedoor.com/area/forecast/0220600
三沢市,http://weather.livedoor.com/area/forecast/0220700
野辺地町,http://weather.livedoor.com/area/forecast/0240100
七戸町,http://weather.livedoor.com/area/forecast/0240200
六戸町,http://weather.livedoor.com/area/forecast/0240500
横浜町,http://weather.livedoor.com/area/forecast/0240600
東北町,http://weather.livedoor.com/area/forecast/0240800
六ヶ所村,http://weather.livedoor.com/area/forecast/0241100
おいらせ町,http://weather.livedoor.com/area/forecast/0241200
三戸町,http://weather.livedoor.com/area/forecast/0244100
五戸町,http://weather.livedoor.com/area/forecast/0244200
田子町,http://weather.livedoor.com/area/forecast/0244300
南部町,http://weather.livedoor.com/area/forecast/0244500
階上町,http://weather.livedoor.com/area/forecast/0244600
新郷村,http://weather.livedoor.com/area/forecast/0245000
岩手県 宮古 の天気,http://weather.livedoor.com/area/forecast/030020
宮古市,http://weather.livedoor.com/area/forecast/0320200
久慈市,http://weather.livedoor.com/area/forecast/0320700
山田町,http://weather.livedoor.com/area/forecast/0348200
岩泉町,http://weather.livedoor.com/area/forecast/0348300
田野畑村,http://weather.livedoor.com/area/forecast/0348400
普代村,http://weather.livedoor.com/area/forecast/0348500
野田村,http://weather.livedoor.com/area/forecast/0350300
洋野町,http://weather.livedoor.com/area/forecast/0350700
岩手県 大船渡 の天気,http://weather.livedoor.com/area/forecast/030030
大船渡市,http://weather.livedoor.com/area/forecast/0320300
陸前高田市,http://weather.livedoor.com/area/forecast/0321000
釜石市,http://weather.livedoor.com/area/forecast/0321100
住田町,http://weather.livedoor.com/area/forecast/0344100
大槌町,http://weather.livedoor.com/area/forecast/0346100
宮城県 白石 の天気,http://weather.livedoor.com/area/forecast/040020
仙台市西部,http://weather.livedoor.com/area/forecast/0410002
白石市,http://weather.livedoor.com/area/forecast/0420600
栗原市西部,http://weather.livedoor.com/area/forecast/0421302
大崎市西部,http://weather.livedoor.com/area/forecast/0421502
蔵王町,http://weather.livedoor.com/area/forecast/0430100
七ヶ宿町,http://weather.livedoor.com/area/forecast/0430200
川崎町,http://weather.livedoor.com/area/forecast/0432400
大和町西部,http://weather.livedoor.com/area/forecast/0442102
大衡村,http://weather.livedoor.com/area/forecast/0442400
色麻町,http://weather.livedoor.com/area/forecast/0444400
加美町,http://weather.livedoor.com/area/forecast/0444500
秋田県 横手 の天気,http://weather.livedoor.com/area/forecast/050020
横手市,http://weather.livedoor.com/area/forecast/0520300
大館市,http://weather.livedoor.com/area/forecast/0520400
湯沢市,http://weather.livedoor.com/area/forecast/0520700
鹿角市,http://weather.livedoor.com/area/forecast/0520900
大仙市,http://weather.livedoor.com/area/forecast/0521200
北秋田市,http://weather.livedoor.com/area/forecast/0521300
仙北市,http://weather.livedoor.com/area/forecast/0521500
小坂町,http://weather.livedoor.com/area/forecast/0530300
上小阿仁村,http://weather.livedoor.com/area/forecast/0532700
美郷町,http://weather.livedoor.com/area/forecast/0543400
羽後町,http://weather.livedoor.com/area/forecast/0546300
東成瀬村,http://weather.livedoor.com/area/forecast/0546400
山形県 米沢 の天気,http://weather.livedoor.com/area/forecast/060020
米沢市,http://weather.livedoor.com/area/forecast/0620200
長井市,http://weather.livedoor.com/area/forecast/0620900
南陽市,http://weather.livedoor.com/area/forecast/0621300
高畠町,http://weather.livedoor.com/area/forecast/0638100
川西町,http://weather.livedoor.com/area/forecast/0638200
小国町,http://weather.livedoor.com/area/forecast/0640100
白鷹町,http://weather.livedoor.com/area/forecast/0640200
飯豊町,http://weather.livedoor.com/area/forecast/0640300
山形県 酒田 の天気,http://weather.livedoor.com/area/forecast/060030
鶴岡市,http://weather.livedoor.com/area/forecast/0620300
酒田市,http://weather.livedoor.com/area/forecast/0620400
三川町,http://weather.livedoor.com/area/forecast/0642600
庄内町,http://weather.livedoor.com/area/forecast/0642800
遊佐町,http://weather.livedoor.com/area/forecast/0646100
山形県 新庄 の天気,http://weather.livedoor.com/area/forecast/060040
新庄市,http://weather.livedoor.com/area/forecast/0620500
金山町,http://weather.livedoor.com/area/forecast/0636100
最上町,http://weather.livedoor.com/area/forecast/0636200
舟形町,http://weather.livedoor.com/area/forecast/0636300
真室川町,http://weather.livedoor.com/area/forecast/0636400
大蔵村,http://weather.livedoor.com/area/forecast/0636500
鮭川村,http://weather.livedoor.com/area/forecast/0636600
戸沢村,http://weather.livedoor.com/area/forecast/0636700
福島県 小名浜 の天気,http://weather.livedoor.com/area/forecast/070020
いわき市,http://weather.livedoor.com/area/forecast/0720400
相馬市,http://weather.livedoor.com/area/forecast/0720900
南相馬市,http://weather.livedoor.com/area/forecast/0721200
広野町,http://weather.livedoor.com/area/forecast/0754100
楢葉町,http://weather.livedoor.com/area/forecast/0754200
富岡町,http://weather.livedoor.com/area/forecast/0754300
川内村,http://weather.livedoor.com/area/forecast/0754400
大熊町,http://weather.livedoor.com/area/forecast/0754500
双葉町,http://weather.livedoor.com/area/forecast/0754600
浪江町,http://weather.livedoor.com/area/forecast/0754700
葛尾村,http://weather.livedoor.com/area/forecast/0754800
新地町,http://weather.livedoor.com/area/forecast/0756100
飯舘村,http://weather.livedoor.com/area/forecast/0756400
福島県 若松 の天気,http://weather.livedoor.com/area/forecast/070030
会津若松市,http://weather.livedoor.com/area/forecast/0720200
郡山市湖南,http://weather.livedoor.com/area/forecast/0720302
喜多方市,http://weather.livedoor.com/area/forecast/0720800
天栄村湯本,http://weather.livedoor.com/area/forecast/0734402
下郷町,http://weather.livedoor.com/area/forecast/0736200
檜枝岐村,http://weather.livedoor.com/area/forecast/0736400
只見町,http://weather.livedoor.com/area/forecast/0736700
南会津町,http://weather.livedoor.com/area/forecast/0736800
北塩原村,http://weather.livedoor.com/area/forecast/0740200
西会津町,http://weather.livedoor.com/area/forecast/0740500
磐梯町,http://weather.livedoor.com/area/forecast/0740700
猪苗代町,http://weather.livedoor.com/area/forecast/0740800
会津坂下町,http://weather.livedoor.com/area/forecast/0742100
湯川村,http://weather.livedoor.com/area/forecast/0742200
柳津町,http://weather.livedoor.com/area/forecast/0742300
三島町,http://weather.livedoor.com/area/forecast/0744400
金山町,http://weather.livedoor.com/area/forecast/0744500
昭和村,http://weather.livedoor.com/area/forecast/0744600
会津美里町,http://weather.livedoor.com/area/forecast/0744700
茨城県 土浦 の天気,http://weather.livedoor.com/area/forecast/080020
土浦市,http://weather.livedoor.com/area/forecast/0820300
古河市,http://weather.livedoor.com/area/forecast/0820400
石岡市,http://weather.livedoor.com/area/forecast/0820500
結城市,http://weather.livedoor.com/area/forecast/0820700
龍ケ崎市,http://weather.livedoor.com/area/forecast/0820800
下妻市,http://weather.livedoor.com/area/forecast/0821000
常総市,http://weather.livedoor.com/area/forecast/0821100
取手市,http://weather.livedoor.com/area/forecast/0821700
牛久市,http://weather.livedoor.com/area/forecast/0821900
つくば市,http://weather.livedoor.com/area/forecast/0822000
鹿嶋市,http://weather.livedoor.com/area/forecast/0822200
潮来市,http://weather.livedoor.com/area/forecast/0822300
守谷市,http://weather.livedoor.com/area/forecast/0822400
筑西市,http://weather.livedoor.com/area/forecast/0822700
坂東市,http://weather.livedoor.com/area/forecast/0822800
稲敷市,http://weather.livedoor.com/area/forecast/0822900
かすみがうら市,http://weather.livedoor.com/area/forecast/0823000
桜川市,http://weather.livedoor.com/area/forecast/0823100
神栖市,http://weather.livedoor.com/area/forecast/0823200
行方市,http://weather.livedoor.com/area/forecast/0823300
鉾田市,http://weather.livedoor.com/area/forecast/0823400
つくばみらい市,http://weather.livedoor.com/area/forecast/0823500
美浦村,http://weather.livedoor.com/area/forecast/0844200
阿見町,http://weather.livedoor.com/area/forecast/0844300
河内町,http://weather.livedoor.com/area/forecast/0844700
八千代町,http://weather.livedoor.com/area/forecast/0852100
五霞町,http://weather.livedoor.com/area/forecast/0854200
境町,http://weather.livedoor.com/area/forecast/0854600
利根町,http://weather.livedoor.com/area/forecast/0856400
栃木県 大田原 の天気,http://weather.livedoor.com/area/forecast/090020
日光市,http://weather.livedoor.com/area/forecast/0920600
大田原市,http://weather.livedoor.com/area/forecast/0921000
矢板市,http://weather.livedoor.com/area/forecast/0921100
那須塩原市,http://weather.livedoor.com/area/forecast/0921300
塩谷町,http://weather.livedoor.com/area/forecast/0938400
那須町,http://weather.livedoor.com/area/forecast/0940700
群馬県 みなかみ の天気,http://weather.livedoor.com/area/forecast/100020
沼田市,http://weather.livedoor.com/area/forecast/1020600
中之条町,http://weather.livedoor.com/area/forecast/1042100
長野原町,http://weather.livedoor.com/area/forecast/1042400
嬬恋村,http://weather.livedoor.com/area/forecast/1042500
草津町,http://weather.livedoor.com/area/forecast/1042600
高山村,http://weather.livedoor.com/area/forecast/1042800
東吾妻町,http://weather.livedoor.com/area/forecast/1042900
片品村,http://weather.livedoor.com/area/forecast/1044300
川場村,http://weather.livedoor.com/area/forecast/1044400
昭和村,http://weather.livedoor.com/area/forecast/1044800
みなかみ町,http://weather.livedoor.com/area/forecast/1044900
埼玉県 熊谷 の天気,http://weather.livedoor.com/area/forecast/110020
熊谷市,http://weather.livedoor.com/area/forecast/1120200
行田市,http://weather.livedoor.com/area/forecast/1120600
加須市,http://weather.livedoor.com/area/forecast/1121000
本庄市,http://weather.livedoor.com/area/forecast/1121100
東松山市,http://weather.livedoor.com/area/forecast/1121200
羽生市,http://weather.livedoor.com/area/forecast/1121600
鴻巣市,http://weather.livedoor.com/area/forecast/1121700
深谷市,http://weather.livedoor.com/area/forecast/1121800
久喜市,http://weather.livedoor.com/area/forecast/1123200
滑川町,http://weather.livedoor.com/area/forecast/1134100
嵐山町,http://weather.livedoor.com/area/forecast/1134200
小川町,http://weather.livedoor.com/area/forecast/1134300
吉見町,http://weather.livedoor.com/area/forecast/1134700
鳩山町,http://weather.livedoor.com/area/forecast/1134800
ときがわ町,http://weather.livedoor.com/area/forecast/1134900
東秩父村,http://weather.livedoor.com/area/forecast/1136900
美里町,http://weather.livedoor.com/area/forecast/1138100
神川町,http://weather.livedoor.com/area/forecast/1138300
上里町,http://weather.livedoor.com/area/forecast/1138500
寄居町,http://weather.livedoor.com/area/forecast/1140800
埼玉県 秩父 の天気,http://weather.livedoor.com/area/forecast/110030
秩父市,http://weather.livedoor.com/area/forecast/1120700
横瀬町,http://weather.livedoor.com/area/forecast/1136100
皆野町,http://weather.livedoor.com/area/forecast/1136200
長瀞町,http://weather.livedoor.com/area/forecast/1136300
小鹿野町,http://weather.livedoor.com/area/forecast/1136500
千葉県 銚子 の天気,http://weather.livedoor.com/area/forecast/120020
銚子市,http://weather.livedoor.com/area/forecast/1220200
茂原市,http://weather.livedoor.com/area/forecast/1221000
東金市,http://weather.livedoor.com/area/forecast/1221300
旭市,http://weather.livedoor.com/area/forecast/1221500
匝瑳市,http://weather.livedoor.com/area/forecast/1223500
香取市,http://weather.livedoor.com/area/forecast/1223600
山武市,http://weather.livedoor.com/area/forecast/1223700
大網白里市,http://weather.livedoor.com/area/forecast/1223900
神崎町,http://weather.livedoor.com/area/forecast/1234200
多古町,http://weather.livedoor.com/area/forecast/1234700
東庄町,http://weather.livedoor.com/area/forecast/1234900
九十九里町,http://weather.livedoor.com/area/forecast/1240300
芝山町,http://weather.livedoor.com/area/forecast/1240900
横芝光町,http://weather.livedoor.com/area/forecast/1241000
一宮町,http://weather.livedoor.com/area/forecast/1242100
睦沢町,http://weather.livedoor.com/area/forecast/1242200
長生村,http://weather.livedoor.com/area/forecast/1242300
白子町,http://weather.livedoor.com/area/forecast/1242400
長柄町,http://weather.livedoor.com/area/forecast/1242600
長南町,http://weather.livedoor.com/area/forecast/1242700
千葉県 館山 の天気,http://weather.livedoor.com/area/forecast/120030
館山市,http://weather.livedoor.com/area/forecast/1220500
木更津市,http://weather.livedoor.com/area/forecast/1220600
勝浦市,http://weather.livedoor.com/area/forecast/1221800
鴨川市,http://weather.livedoor.com/area/forecast/1222300
君津市,http://weather.livedoor.com/area/forecast/1222500
富津市,http://weather.livedoor.com/area/forecast/1222600
袖ケ浦市,http://weather.livedoor.com/area/forecast/1222900
南房総市,http://weather.livedoor.com/area/forecast/1223400
いすみ市,http://weather.livedoor.com/area/forecast/1223800
大多喜町,http://weather.livedoor.com/area/forecast/1244100
御宿町,http://weather.livedoor.com/area/forecast/1244300
鋸南町,http://weather.livedoor.com/area/forecast/1246300
東京都 大島 の天気,http://weather.livedoor.com/area/forecast/130020
大島町,http://weather.livedoor.com/area/forecast/1336100
利島村,http://weather.livedoor.com/area/forecast/1336200
新島村,http://weather.livedoor.com/area/forecast/1336300
神津島村,http://weather.livedoor.com/area/forecast/1336400
東京都 八丈島 の天気,http://weather.livedoor.com/area/forecast/130030
三宅村,http://weather.livedoor.com/area/forecast/1338100
御蔵島村,http://weather.livedoor.com/area/forecast/1338200
八丈町,http://weather.livedoor.com/area/forecast/1340100
青ヶ島村,http://weather.livedoor.com/area/forecast/1340200
東京都 父島 の天気,http://weather.livedoor.com/area/forecast/130040
小笠原村,http://weather.livedoor.com/area/forecast/1342100
神奈川県 小田原 の天気,http://weather.livedoor.com/area/forecast/140020
相模原市,http://weather.livedoor.com/area/forecast/1415000
小田原市,http://weather.livedoor.com/area/forecast/1420600
秦野市,http://weather.livedoor.com/area/forecast/1421100
厚木市,http://weather.livedoor.com/area/forecast/1421200
伊勢原市,http://weather.livedoor.com/area/forecast/1421400
南足柄市,http://weather.livedoor.com/area/forecast/1421700
中井町,http://weather.livedoor.com/area/forecast/1436100
大井町,http://weather.livedoor.com/area/forecast/1436200
松田町,http://weather.livedoor.com/area/forecast/1436300
山北町,http://weather.livedoor.com/area/forecast/1436400
開成町,http://weather.livedoor.com/area/forecast/1436600
箱根町,http://weather.livedoor.com/area/forecast/1438200
真鶴町,http://weather.livedoor.com/area/forecast/1438300
湯河原町,http://weather.livedoor.com/area/forecast/1438400
愛川町,http://weather.livedoor.com/area/forecast/1440100
清川村,http://weather.livedoor.com/area/forecast/1440200
新潟県 長岡 の天気,http://weather.livedoor.com/area/forecast/150020
長岡市,http://weather.livedoor.com/area/forecast/1520200
三条市,http://weather.livedoor.com/area/forecast/1520400
柏崎市,http://weather.livedoor.com/area/forecast/1520500
小千谷市,http://weather.livedoor.com/area/forecast/1520800
加茂市,http://weather.livedoor.com/area/forecast/1520900
十日町市,http://weather.livedoor.com/area/forecast/1521000
見附市,http://weather.livedoor.com/area/forecast/1521100
魚沼市,http://weather.livedoor.com/area/forecast/1522500
南魚沼市,http://weather.livedoor.com/area/forecast/1522600
田上町,http://weather.livedoor.com/area/forecast/1536100
出雲崎町,http://weather.livedoor.com/area/forecast/1540500
湯沢町,http://weather.livedoor.com/area/forecast/1546100
津南町,http://weather.livedoor.com/area/forecast/1548200
刈羽村,http://weather.livedoor.com/area/forecast/1550400
新潟県 高田 の天気,http://weather.livedoor.com/area/forecast/150030
糸魚川市,http://weather.livedoor.com/area/forecast/1521600
妙高市,http://weather.livedoor.com/area/forecast/1521700
上越市,http://weather.livedoor.com/area/forecast/1522200
新潟県 相川 の天気,http://weather.livedoor.com/area/forecast/150040
佐渡市,http://weather.livedoor.com/area/forecast/1522400
富山県 伏木 の天気,http://weather.livedoor.com/area/forecast/160020
高岡市,http://weather.livedoor.com/area/forecast/1620200
氷見市,http://weather.livedoor.com/area/forecast/1620500
砺波市,http://weather.livedoor.com/area/forecast/1620800
小矢部市,http://weather.livedoor.com/area/forecast/1620900
南砺市,http://weather.livedoor.com/area/forecast/1621000
射水市,http://weather.livedoor.com/area/forecast/1621100
石川県 輪島 の天気,http://weather.livedoor.com/area/forecast/170020
七尾市,http://weather.livedoor.com/area/forecast/1720200
輪島市,http://weather.livedoor.com/area/forecast/1720400
珠洲市,http://weather.livedoor.com/area/forecast/1720500
羽咋市,http://weather.livedoor.com/area/forecast/1720700
志賀町,http://weather.livedoor.com/area/forecast/1738400
宝達志水町,http://weather.livedoor.com/area/forecast/1738600
中能登町,http://weather.livedoor.com/area/forecast/1740700
穴水町,http://weather.livedoor.com/area/forecast/1746100
能登町,http://weather.livedoor.com/area/forecast/1746300
福井県 敦賀 の天気,http://weather.livedoor.com/area/forecast/180020
敦賀市,http://weather.livedoor.com/area/forecast/1820200
小浜市,http://weather.livedoor.com/area/forecast/1820400
美浜町,http://weather.livedoor.com/area/forecast/1844200
高浜町,http://weather.livedoor.com/area/forecast/1848100
おおい町,http://weather.livedoor.com/area/forecast/1848300
若狭町,http://weather.livedoor.com/area/forecast/1850100
山梨県 河口湖 の天気,http://weather.livedoor.com/area/forecast/190020
富士吉田市,http://weather.livedoor.com/area/forecast/1920200
都留市,http://weather.livedoor.com/area/forecast/1920400
大月市,http://weather.livedoor.com/area/forecast/1920600
上野原市,http://weather.livedoor.com/area/forecast/1921200
道志村,http://weather.livedoor.com/area/forecast/1942200
西桂町,http://weather.livedoor.com/area/forecast/1942300
忍野村,http://weather.livedoor.com/area/forecast/1942400
山中湖村,http://weather.livedoor.com/area/forecast/1942500
鳴沢村,http://weather.livedoor.com/area/forecast/1942900
富士河口湖町,http://weather.livedoor.com/area/forecast/1943000
小菅村,http://weather.livedoor.com/area/forecast/1944200
丹波山村,http://weather.livedoor.com/area/forecast/1944300
長野県 松本 の天気,http://weather.livedoor.com/area/forecast/200020
松本,http://weather.livedoor.com/area/forecast/2020201
乗鞍上高地,http://weather.livedoor.com/area/forecast/2020202
上田市,http://weather.livedoor.com/area/forecast/2020300
岡谷市,http://weather.livedoor.com/area/forecast/2020400
諏訪市,http://weather.livedoor.com/area/forecast/2020600
小諸市,http://weather.livedoor.com/area/forecast/2020800
茅野市,http://weather.livedoor.com/area/forecast/2021400
塩尻,http://weather.livedoor.com/area/forecast/2021501
佐久市,http://weather.livedoor.com/area/forecast/2021700
東御市,http://weather.livedoor.com/area/forecast/2021900
安曇野市,http://weather.livedoor.com/area/forecast/2022000
小海町,http://weather.livedoor.com/area/forecast/2030300
川上村,http://weather.livedoor.com/area/forecast/2030400
南牧村,http://weather.livedoor.com/area/forecast/2030500
南相木村,http://weather.livedoor.com/area/forecast/2030600
北相木村,http://weather.livedoor.com/area/forecast/2030700
佐久穂町,http://weather.livedoor.com/area/forecast/2030900
軽井沢町,http://weather.livedoor.com/area/forecast/2032100
御代田町,http://weather.livedoor.com/area/forecast/2032300
立科町,http://weather.livedoor.com/area/forecast/2032400
青木村,http://weather.livedoor.com/area/forecast/2034900
長和町,http://weather.livedoor.com/area/forecast/2035000
下諏訪町,http://weather.livedoor.com/area/forecast/2036100
富士見町,http://weather.livedoor.com/area/forecast/2036200
原村,http://weather.livedoor.com/area/forecast/2036300
麻績村,http://weather.livedoor.com/area/forecast/2044600
生坂村,http://weather.livedoor.com/area/forecast/2044800
山形村,http://weather.livedoor.com/area/forecast/2045000
朝日村,http://weather.livedoor.com/area/forecast/2045100
筑北村,http://weather.livedoor.com/area/forecast/2045200
長野県 飯田 の天気,http://weather.livedoor.com/area/forecast/200030
飯田市,http://weather.livedoor.com/area/forecast/2020500
伊那市,http://weather.livedoor.com/area/forecast/2020900
駒ヶ根市,http://weather.livedoor.com/area/forecast/2021000
楢川,http://weather.livedoor.com/area/forecast/2021502
辰野町,http://weather.livedoor.com/area/forecast/2038200
箕輪町,http://weather.livedoor.com/area/forecast/2038300
飯島町,http://weather.livedoor.com/area/forecast/2038400
南箕輪村,http://weather.livedoor.com/area/forecast/2038500
中川村,http://weather.livedoor.com/area/forecast/2038600
宮田村,http://weather.livedoor.com/area/forecast/2038800
松川町,http://weather.livedoor.com/area/forecast/2040200
高森町,http://weather.livedoor.com/area/forecast/2040300
阿南町,http://weather.livedoor.com/area/forecast/2040400
阿智村,http://weather.livedoor.com/area/forecast/2040700
平谷村,http://weather.livedoor.com/area/forecast/2040900
根羽村,http://weather.livedoor.com/area/forecast/2041000
下條村,http://weather.livedoor.com/area/forecast/2041100
売木村,http://weather.livedoor.com/area/forecast/2041200
天龍村,http://weather.livedoor.com/area/forecast/2041300
泰阜村,http://weather.livedoor.com/area/forecast/2041400
喬木村,http://weather.livedoor.com/area/forecast/2041500
豊丘村,http://weather.livedoor.com/area/forecast/2041600
大鹿村,http://weather.livedoor.com/area/forecast/2041700
上松町,http://weather.livedoor.com/area/forecast/2042200
南木曽町,http://weather.livedoor.com/area/forecast/2042300
木祖村,http://weather.livedoor.com/area/forecast/2042500
王滝村,http://weather.livedoor.com/area/forecast/2042900
大桑村,http://weather.livedoor.com/area/forecast/2043000
木曽町,http://weather.livedoor.com/area/forecast/2043200
岐阜県 高山 の天気,http://weather.livedoor.com/area/forecast/210020
高山市,http://weather.livedoor.com/area/forecast/2120300
飛騨市,http://weather.livedoor.com/area/forecast/2121700
下呂市,http://weather.livedoor.com/area/forecast/2122000
白川村,http://weather.livedoor.com/area/forecast/2160400
静岡県 網代 の天気,http://weather.livedoor.com/area/forecast/220020
熱海市,http://weather.livedoor.com/area/forecast/2220500
伊東市,http://weather.livedoor.com/area/forecast/2220800
下田市,http://weather.livedoor.com/area/forecast/2221900
伊豆市,http://weather.livedoor.com/area/forecast/2222200
伊豆の国市,http://weather.livedoor.com/area/forecast/2222500
東伊豆町,http://weather.livedoor.com/area/forecast/2230100
河津町,http://weather.livedoor.com/area/forecast/2230200
南伊豆町,http://weather.livedoor.com/area/forecast/2230400
松崎町,http://weather.livedoor.com/area/forecast/2230500
西伊豆町,http://weather.livedoor.com/area/forecast/2230600
函南町,http://weather.livedoor.com/area/forecast/2232500
静岡県 三島 の天気,http://weather.livedoor.com/area/forecast/220030
沼津市,http://weather.livedoor.com/area/forecast/2220300
三島市,http://weather.livedoor.com/area/forecast/2220600
富士宮市,http://weather.livedoor.com/area/forecast/2220700
富士市,http://weather.livedoor.com/area/forecast/2221000
御殿場市,http://weather.livedoor.com/area/forecast/2221500
裾野市,http://weather.livedoor.com/area/forecast/2222000
清水町,http://weather.livedoor.com/area/forecast/2234100
長泉町,http://weather.livedoor.com/area/forecast/2234200
小山町,http://weather.livedoor.com/area/forecast/2234400
静岡県 浜松 の天気,http://weather.livedoor.com/area/forecast/220040
浜松市南部,http://weather.livedoor.com/area/forecast/2213001
浜松市北部,http://weather.livedoor.com/area/forecast/2213002
磐田市,http://weather.livedoor.com/area/forecast/2221100
掛川市,http://weather.livedoor.com/area/forecast/2221300
袋井市,http://weather.livedoor.com/area/forecast/2221600
湖西市,http://weather.livedoor.com/area/forecast/2222100
御前崎市,http://weather.livedoor.com/area/forecast/2222300
菊川市,http://weather.livedoor.com/area/forecast/2222400
森町,http://weather.livedoor.com/area/forecast/2246100
愛知県 豊橋 の天気,http://weather.livedoor.com/area/forecast/230020
豊橋市,http://weather.livedoor.com/area/forecast/2320100
豊川市,http://weather.livedoor.com/area/forecast/2320700
豊田市東部,http://weather.livedoor.com/area/forecast/2321102
蒲郡市,http://weather.livedoor.com/area/forecast/2321400
新城市,http://weather.livedoor.com/area/forecast/2322100
田原市,http://weather.livedoor.com/area/forecast/2323100
設楽町,http://weather.livedoor.com/area/forecast/2356100
東栄町,http://weather.livedoor.com/area/forecast/2356200
豊根村,http://weather.livedoor.com/area/forecast/2356300
三重県 尾鷲 の天気,http://weather.livedoor.com/area/forecast/240020
伊勢市,http://weather.livedoor.com/area/forecast/2420300
尾鷲市,http://weather.livedoor.com/area/forecast/2420900
鳥羽市,http://weather.livedoor.com/area/forecast/2421100
熊野市,http://weather.livedoor.com/area/forecast/2421200
志摩市,http://weather.livedoor.com/area/forecast/2421500
大台町,http://weather.livedoor.com/area/forecast/2444300
玉城町,http://weather.livedoor.com/area/forecast/2446100
度会町,http://weather.livedoor.com/area/forecast/2447000
大紀町,http://weather.livedoor.com/area/forecast/2447100
南伊勢町,http://weather.livedoor.com/area/forecast/2447200
紀北町,http://weather.livedoor.com/area/forecast/2454300
御浜町,http://weather.livedoor.com/area/forecast/2456100
紀宝町,http://weather.livedoor.com/area/forecast/2456200
滋賀県 彦根 の天気,http://weather.livedoor.com/area/forecast/250020
大津市北部,http://weather.livedoor.com/area/forecast/2520102
彦根市,http://weather.livedoor.com/area/forecast/2520200
長浜市,http://weather.livedoor.com/area/forecast/2520300
高島市,http://weather.livedoor.com/area/forecast/2521200
米原市,http://weather.livedoor.com/area/forecast/2521400
愛荘町,http://weather.livedoor.com/area/forecast/2542500
豊郷町,http://weather.livedoor.com/area/forecast/2544100
甲良町,http://weather.livedoor.com/area/forecast/2544200
多賀町,http://weather.livedoor.com/area/forecast/2544300
京都府 舞鶴 の天気,http://weather.livedoor.com/area/forecast/260020
福知山市,http://weather.livedoor.com/area/forecast/2620100
舞鶴市,http://weather.livedoor.com/area/forecast/2620200
綾部市,http://weather.livedoor.com/area/forecast/2620300
宮津市,http://weather.livedoor.com/area/forecast/2620500
京丹後市,http://weather.livedoor.com/area/forecast/2621200
伊根町,http://weather.livedoor.com/area/forecast/2646300
与謝野町,http://weather.livedoor.com/area/forecast/2646500
兵庫県 豊岡 の天気,http://weather.livedoor.com/area/forecast/280020
豊岡市,http://weather.livedoor.com/area/forecast/2820900
養父市,http://weather.livedoor.com/area/forecast/2822200
朝来市,http://weather.livedoor.com/area/forecast/2822500
香美町,http://weather.livedoor.com/area/forecast/2858500
新温泉町,http://weather.livedoor.com/area/forecast/2858600
奈良県 風屋 の天気,http://weather.livedoor.com/area/forecast/290020
五條市南部,http://weather.livedoor.com/area/forecast/2920702
曽爾村,http://weather.livedoor.com/area/forecast/2938500
御杖村,http://weather.livedoor.com/area/forecast/2938600
黒滝村,http://weather.livedoor.com/area/forecast/2944400
天川村,http://weather.livedoor.com/area/forecast/2944600
野迫川村,http://weather.livedoor.com/area/forecast/2944700
十津川村,http://weather.livedoor.com/area/forecast/2944900
下北山村,http://weather.livedoor.com/area/forecast/2945000
上北山村,http://weather.livedoor.com/area/forecast/2945100
川上村,http://weather.livedoor.com/area/forecast/2945200
東吉野村,http://weather.livedoor.com/area/forecast/2945300
和歌山県 潮岬 の天気,http://weather.livedoor.com/area/forecast/300020
田辺市,http://weather.livedoor.com/area/forecast/3020600
新宮市,http://weather.livedoor.com/area/forecast/3020700
白浜町,http://weather.livedoor.com/area/forecast/3040100
上富田町,http://weather.livedoor.com/area/forecast/3040400
すさみ町,http://weather.livedoor.com/area/forecast/3040600
那智勝浦町,http://weather.livedoor.com/area/forecast/3042100
太地町,http://weather.livedoor.com/area/forecast/3042200
古座川町,http://weather.livedoor.com/area/forecast/3042400
北山村,http://weather.livedoor.com/area/forecast/3042700
串本町,http://weather.livedoor.com/area/forecast/3042800
鳥取県 米子 の天気,http://weather.livedoor.com/area/forecast/310020
米子市,http://weather.livedoor.com/area/forecast/3120200
倉吉市,http://weather.livedoor.com/area/forecast/3120300
境港市,http://weather.livedoor.com/area/forecast/3120400
三朝町,http://weather.livedoor.com/area/forecast/3136400
湯梨浜町,http://weather.livedoor.com/area/forecast/3137000
琴浦町,http://weather.livedoor.com/area/forecast/3137100
北栄町,http://weather.livedoor.com/area/forecast/3137200
日吉津村,http://weather.livedoor.com/area/forecast/3138400
大山町,http://weather.livedoor.com/area/forecast/3138600
南部町,http://weather.livedoor.com/area/forecast/3138900
伯耆町,http://weather.livedoor.com/area/forecast/3139000
日南町,http://weather.livedoor.com/area/forecast/3140100
日野町,http://weather.livedoor.com/area/forecast/3140200
江府町,http://weather.livedoor.com/area/forecast/3140300
島根県 浜田 の天気,http://weather.livedoor.com/area/forecast/320020
浜田市,http://weather.livedoor.com/area/forecast/3220200
益田市,http://weather.livedoor.com/area/forecast/3220400
大田市,http://weather.livedoor.com/area/forecast/3220500
江津市,http://weather.livedoor.com/area/forecast/3220700
川本町,http://weather.livedoor.com/area/forecast/3244100
美郷町,http://weather.livedoor.com/area/forecast/3244800
邑南町,http://weather.livedoor.com/area/forecast/3244900
津和野町,http://weather.livedoor.com/area/forecast/3250100
吉賀町,http://weather.livedoor.com/area/forecast/3250500
島根県 西郷 の天気,http://weather.livedoor.com/area/forecast/320030
海士町,http://weather.livedoor.com/area/forecast/3252500
西ノ島町,http://weather.livedoor.com/area/forecast/3252600
知夫村,http://weather.livedoor.com/area/forecast/3252700
隠岐の島町,http://weather.livedoor.com/area/forecast/3252800
岡山県 津山 の天気,http://weather.livedoor.com/area/forecast/330020
津山市,http://weather.livedoor.com/area/forecast/3320300
新見市,http://weather.livedoor.com/area/forecast/3321000
真庭市,http://weather.livedoor.com/area/forecast/3321400
美作市,http://weather.livedoor.com/area/forecast/3321500
新庄村,http://weather.livedoor.com/area/forecast/3358600
鏡野町,http://weather.livedoor.com/area/forecast/3360600
勝央町,http://weather.livedoor.com/area/forecast/3362200
奈義町,http://weather.livedoor.com/area/forecast/3362300
西粟倉村,http://weather.livedoor.com/area/forecast/3364300
久米南町,http://weather.livedoor.com/area/forecast/3366300
美咲町,http://weather.livedoor.com/area/forecast/3366600
広島県 庄原 の天気,http://weather.livedoor.com/area/forecast/340020
三次市,http://weather.livedoor.com/area/forecast/3420900
庄原市,http://weather.livedoor.com/area/forecast/3421000
安芸高田市,http://weather.livedoor.com/area/forecast/3421400
安芸太田町,http://weather.livedoor.com/area/forecast/3436800
北広島町,http://weather.livedoor.com/area/forecast/3436900
山口県 山口 の天気,http://weather.livedoor.com/area/forecast/350020
山口市,http://weather.livedoor.com/area/forecast/3520300
防府市,http://weather.livedoor.com/area/forecast/3520600
下松市,http://weather.livedoor.com/area/forecast/3520700
周南市,http://weather.livedoor.com/area/forecast/3521500
山口県 柳井 の天気,http://weather.livedoor.com/area/forecast/350030
岩国市,http://weather.livedoor.com/area/forecast/3520800
光市,http://weather.livedoor.com/area/forecast/3521000
柳井市,http://weather.livedoor.com/area/forecast/3521200
周防大島町,http://weather.livedoor.com/area/forecast/3530500
和木町,http://weather.livedoor.com/area/forecast/3532100
上関町,http://weather.livedoor.com/area/forecast/3534100
田布施町,http://weather.livedoor.com/area/forecast/3534300
平生町,http://weather.livedoor.com/area/forecast/3534400
山口県 萩 の天気,http://weather.livedoor.com/area/forecast/350040
萩市,http://weather.livedoor.com/area/forecast/3520400
長門市,http://weather.livedoor.com/area/forecast/3521100
美祢市,http://weather.livedoor.com/area/forecast/3521300
阿武町,http://weather.livedoor.com/area/forecast/3550200
徳島県 日和佐 の天気,http://weather.livedoor.com/area/forecast/360020
阿南市,http://weather.livedoor.com/area/forecast/3620400
勝浦町,http://weather.livedoor.com/area/forecast/3630100
上勝町,http://weather.livedoor.com/area/forecast/3630200
那賀町,http://weather.livedoor.com/area/forecast/3636800
牟岐町,http://weather.livedoor.com/area/forecast/3638300
美波町,http://weather.livedoor.com/area/forecast/3638700
海陽町,http://weather.livedoor.com/area/forecast/3638800
愛媛県 新居浜 の天気,http://weather.livedoor.com/area/forecast/380020
今治市,http://weather.livedoor.com/area/forecast/3820200
新居浜市,http://weather.livedoor.com/area/forecast/3820500
西条市,http://weather.livedoor.com/area/forecast/3820600
四国中央市,http://weather.livedoor.com/area/forecast/3821300
上島町,http://weather.livedoor.com/area/forecast/3835600
愛媛県 宇和島 の天気,http://weather.livedoor.com/area/forecast/380030
宇和島市,http://weather.livedoor.com/area/forecast/3820300
八幡浜市,http://weather.livedoor.com/area/forecast/3820400
大洲市,http://weather.livedoor.com/area/forecast/3820700
西予市,http://weather.livedoor.com/area/forecast/3821400
内子町,http://weather.livedoor.com/area/forecast/3842200
伊方町,http://weather.livedoor.com/area/forecast/3844200
松野町,http://weather.livedoor.com/area/forecast/3848400
鬼北町,http://weather.livedoor.com/area/forecast/3848800
愛南町,http://weather.livedoor.com/area/forecast/3850600
高知県 室戸岬 の天気,http://weather.livedoor.com/area/forecast/390020
室戸市,http://weather.livedoor.com/area/forecast/3920200
安芸市,http://weather.livedoor.com/area/forecast/3920300
東洋町,http://weather.livedoor.com/area/forecast/3930100
奈半利町,http://weather.livedoor.com/area/forecast/3930200
田野町,http://weather.livedoor.com/area/forecast/3930300
安田町,http://weather.livedoor.com/area/forecast/3930400
北川村,http://weather.livedoor.com/area/forecast/3930500
馬路村,http://weather.livedoor.com/area/forecast/3930600
芸西村,http://weather.livedoor.com/area/forecast/3930700
高知県 清水 の天気,http://weather.livedoor.com/area/forecast/390030
宿毛市,http://weather.livedoor.com/area/forecast/3920800
土佐清水市,http://weather.livedoor.com/area/forecast/3920900
四万十市,http://weather.livedoor.com/area/forecast/3921000
中土佐町,http://weather.livedoor.com/area/forecast/3940100
檮原町,http://weather.livedoor.com/area/forecast/3940500
津野町,http://weather.livedoor.com/area/forecast/3941100
四万十町,http://weather.livedoor.com/area/forecast/3941200
大月町,http://weather.livedoor.com/area/forecast/3942400
三原村,http://weather.livedoor.com/area/forecast/3942700
黒潮町,http://weather.livedoor.com/area/forecast/3942800
福岡県 八幡 の天気,http://weather.livedoor.com/area/forecast/400020
北九州市,http://weather.livedoor.com/area/forecast/4010000
行橋市,http://weather.livedoor.com/area/forecast/4021300
豊前市,http://weather.livedoor.com/area/forecast/4021400
中間市,http://weather.livedoor.com/area/forecast/4021500
芦屋町,http://weather.livedoor.com/area/forecast/4038100
水巻町,http://weather.livedoor.com/area/forecast/4038200
岡垣町,http://weather.livedoor.com/area/forecast/4038300
遠賀町,http://weather.livedoor.com/area/forecast/4038400
苅田町,http://weather.livedoor.com/area/forecast/4062100
みやこ町,http://weather.livedoor.com/area/forecast/4062500
吉富町,http://weather.livedoor.com/area/forecast/4064200
上毛町,http://weather.livedoor.com/area/forecast/4064600
築上町,http://weather.livedoor.com/area/forecast/4064700
福岡県 飯塚 の天気,http://weather.livedoor.com/area/forecast/400030
直方市,http://weather.livedoor.com/area/forecast/4020400
飯塚市,http://weather.livedoor.com/area/forecast/4020500
田川市,http://weather.livedoor.com/area/forecast/4020600
宮若市,http://weather.livedoor.com/area/forecast/4022600
嘉麻市,http://weather.livedoor.com/area/forecast/4022700
小竹町,http://weather.livedoor.com/area/forecast/4040100
鞍手町,http://weather.livedoor.com/area/forecast/4040200
桂川町,http://weather.livedoor.com/area/forecast/4042100
香春町,http://weather.livedoor.com/area/forecast/4060100
添田町,http://weather.livedoor.com/area/forecast/4060200
糸田町,http://weather.livedoor.com/area/forecast/4060400
川崎町,http://weather.livedoor.com/area/forecast/4060500
大任町,http://weather.livedoor.com/area/forecast/4060800
赤村,http://weather.livedoor.com/area/forecast/4060900
福智町,http://weather.livedoor.com/area/forecast/4061000
福岡県 久留米 の天気,http://weather.livedoor.com/area/forecast/400040
大牟田市,http://weather.livedoor.com/area/forecast/4020200
久留米市,http://weather.livedoor.com/area/forecast/4020300
柳川市,http://weather.livedoor.com/area/forecast/4020700
八女市,http://weather.livedoor.com/area/forecast/4021000
筑後市,http://weather.livedoor.com/area/forecast/4021100
大川市,http://weather.livedoor.com/area/forecast/4021200
小郡市,http://weather.livedoor.com/area/forecast/4021600
うきは市,http://weather.livedoor.com/area/forecast/4022500
朝倉市,http://weather.livedoor.com/area/forecast/4022800
みやま市,http://weather.livedoor.com/area/forecast/4022900
筑前町,http://weather.livedoor.com/area/forecast/4044700
東峰村,http://weather.livedoor.com/area/forecast/4044800
大刀洗町,http://weather.livedoor.com/area/forecast/4050300
大木町,http://weather.livedoor.com/area/forecast/4052200
広川町,http://weather.livedoor.com/area/forecast/4054400
佐賀県 伊万里 の天気,http://weather.livedoor.com/area/forecast/410020
唐津市,http://weather.livedoor.com/area/forecast/4120200
伊万里市,http://weather.livedoor.com/area/forecast/4120500
玄海町,http://weather.livedoor.com/area/forecast/4138700
有田町,http://weather.livedoor.com/area/forecast/4140100
長崎県 佐世保 の天気,http://weather.livedoor.com/area/forecast/420020
佐世保市（宇久地域を除く）,http://weather.livedoor.com/area/forecast/4220201
平戸市,http://weather.livedoor.com/area/forecast/4220700
松浦市,http://weather.livedoor.com/area/forecast/4220800
東彼杵町,http://weather.livedoor.com/area/forecast/4232100
川棚町,http://weather.livedoor.com/area/forecast/4232200
波佐見町,http://weather.livedoor.com/area/forecast/4232300
佐々町,http://weather.livedoor.com/area/forecast/4239100
長崎県 厳原 の天気,http://weather.livedoor.com/area/forecast/420030
下対馬,http://weather.livedoor.com/area/forecast/4220901
上対馬,http://weather.livedoor.com/area/forecast/4220902
壱岐市,http://weather.livedoor.com/area/forecast/4221000
長崎県 福江 の天気,http://weather.livedoor.com/area/forecast/420040
佐世保市（宇久地域）,http://weather.livedoor.com/area/forecast/4220202
五島市,http://weather.livedoor.com/area/forecast/4221100
西海市（江島・平島）,http://weather.livedoor.com/area/forecast/4221202
小値賀町,http://weather.livedoor.com/area/forecast/4238300
新上五島町,http://weather.livedoor.com/area/forecast/4241100
熊本県 阿蘇乙姫 の天気,http://weather.livedoor.com/area/forecast/430020
阿蘇市,http://weather.livedoor.com/area/forecast/4321400
南小国町,http://weather.livedoor.com/area/forecast/4342300
小国町,http://weather.livedoor.com/area/forecast/4342400
産山村,http://weather.livedoor.com/area/forecast/4342500
高森町,http://weather.livedoor.com/area/forecast/4342800
南阿蘇村,http://weather.livedoor.com/area/forecast/4343300
熊本県 牛深 の天気,http://weather.livedoor.com/area/forecast/430030
水俣市,http://weather.livedoor.com/area/forecast/4320500
上天草市,http://weather.livedoor.com/area/forecast/4321200
天草市,http://weather.livedoor.com/area/forecast/4321500
芦北町,http://weather.livedoor.com/area/forecast/4348200
津奈木町,http://weather.livedoor.com/area/forecast/4348400
苓北町,http://weather.livedoor.com/area/forecast/4353100
熊本県 人吉 の天気,http://weather.livedoor.com/area/forecast/430040
人吉市,http://weather.livedoor.com/area/forecast/4320300
錦町,http://weather.livedoor.com/area/forecast/4350100
多良木町,http://weather.livedoor.com/area/forecast/4350500
湯前町,http://weather.livedoor.com/area/forecast/4350600
水上村,http://weather.livedoor.com/area/forecast/4350700
相良村,http://weather.livedoor.com/area/forecast/4351000
五木村,http://weather.livedoor.com/area/forecast/4351100
山江村,http://weather.livedoor.com/area/forecast/4351200
球磨村,http://weather.livedoor.com/area/forecast/4351300
あさぎり町,http://weather.livedoor.com/area/forecast/4351400
大分県 中津 の天気,http://weather.livedoor.com/area/forecast/440020
中津市,http://weather.livedoor.com/area/forecast/4420300
豊後高田市,http://weather.livedoor.com/area/forecast/4420900
宇佐市,http://weather.livedoor.com/area/forecast/4421100
国東市,http://weather.livedoor.com/area/forecast/4421400
姫島村,http://weather.livedoor.com/area/forecast/4432200
大分県 日田 の天気,http://weather.livedoor.com/area/forecast/440030
日田市,http://weather.livedoor.com/area/forecast/4420400
竹田市,http://weather.livedoor.com/area/forecast/4420800
九重町,http://weather.livedoor.com/area/forecast/4446100
玖珠町,http://weather.livedoor.com/area/forecast/4446200
大分県 佐伯 の天気,http://weather.livedoor.com/area/forecast/440040
佐伯市,http://weather.livedoor.com/area/forecast/4420500
豊後大野市,http://weather.livedoor.com/area/forecast/4421200
宮崎県 延岡 の天気,http://weather.livedoor.com/area/forecast/450020
延岡市,http://weather.livedoor.com/area/forecast/4520300
日向市,http://weather.livedoor.com/area/forecast/4520600
西都市,http://weather.livedoor.com/area/forecast/4520800
高鍋町,http://weather.livedoor.com/area/forecast/4540100
新富町,http://weather.livedoor.com/area/forecast/4540200
木城町,http://weather.livedoor.com/area/forecast/4540400
川南町,http://weather.livedoor.com/area/forecast/4540500
都農町,http://weather.livedoor.com/area/forecast/4540600
門川町,http://weather.livedoor.com/area/forecast/4542100
宮崎県 都城 の天気,http://weather.livedoor.com/area/forecast/450030
都城市,http://weather.livedoor.com/area/forecast/4520200
小林市,http://weather.livedoor.com/area/forecast/4520500
えびの市,http://weather.livedoor.com/area/forecast/4520900
三股町,http://weather.livedoor.com/area/forecast/4534100
高原町,http://weather.livedoor.com/area/forecast/4536100
宮崎県 高千穂 の天気,http://weather.livedoor.com/area/forecast/450040
西米良村,http://weather.livedoor.com/area/forecast/4540300
諸塚村,http://weather.livedoor.com/area/forecast/4542900
椎葉村,http://weather.livedoor.com/area/forecast/4543000
美郷町,http://weather.livedoor.com/area/forecast/4543100
高千穂町,http://weather.livedoor.com/area/forecast/4544100
日之影町,http://weather.livedoor.com/area/forecast/4544200
五ヶ瀬町,http://weather.livedoor.com/area/forecast/4544300
鹿児島県 鹿屋 の天気,http://weather.livedoor.com/area/forecast/460020
鹿屋市,http://weather.livedoor.com/area/forecast/4620300
垂水市,http://weather.livedoor.com/area/forecast/4621400
曽於市,http://weather.livedoor.com/area/forecast/4621700
志布志市,http://weather.livedoor.com/area/forecast/4622100
大崎町,http://weather.livedoor.com/area/forecast/4646800
東串良町,http://weather.livedoor.com/area/forecast/4648200
錦江町,http://weather.livedoor.com/area/forecast/4649000
南大隅町,http://weather.livedoor.com/area/forecast/4649100
肝付町,http://weather.livedoor.com/area/forecast/4649200
鹿児島県 種子島 の天気,http://weather.livedoor.com/area/forecast/460030
西之表市,http://weather.livedoor.com/area/forecast/4621300
三島村,http://weather.livedoor.com/area/forecast/4630300
中種子町,http://weather.livedoor.com/area/forecast/4650100
南種子町,http://weather.livedoor.com/area/forecast/4650200
屋久島町,http://weather.livedoor.com/area/forecast/4650500
鹿児島県 名瀬 の天気,http://weather.livedoor.com/area/forecast/460040
奄美市,http://weather.livedoor.com/area/forecast/4622200
十島村,http://weather.livedoor.com/area/forecast/4630400
大和村,http://weather.livedoor.com/area/forecast/4652300
宇検村,http://weather.livedoor.com/area/forecast/4652400
瀬戸内町,http://weather.livedoor.com/area/forecast/4652500
龍郷町,http://weather.livedoor.com/area/forecast/4652700
喜界町,http://weather.livedoor.com/area/forecast/4652900
徳之島町,http://weather.livedoor.com/area/forecast/4653000
天城町,http://weather.livedoor.com/area/forecast/4653100
伊仙町,http://weather.livedoor.com/area/forecast/4653200
和泊町,http://weather.livedoor.com/area/forecast/4653300
知名町,http://weather.livedoor.com/area/forecast/4653400
与論町,http://weather.livedoor.com/area/forecast/4653500
沖縄県 名護 の天気,http://weather.livedoor.com/area/forecast/471020
名護市,http://weather.livedoor.com/area/forecast/4720900
国頭村,http://weather.livedoor.com/area/forecast/4730100
大宜味村,http://weather.livedoor.com/area/forecast/4730200
東村,http://weather.livedoor.com/area/forecast/4730300
今帰仁村,http://weather.livedoor.com/area/forecast/4730600
本部町,http://weather.livedoor.com/area/forecast/4730800
恩納村,http://weather.livedoor.com/area/forecast/4731100
宜野座村,http://weather.livedoor.com/area/forecast/4731300
金武町,http://weather.livedoor.com/area/forecast/4731400
伊江村,http://weather.livedoor.com/area/forecast/4731500
伊平屋村,http://weather.livedoor.com/area/forecast/4735900
伊是名村,http://weather.livedoor.com/area/forecast/4736000
沖縄県 久米島 の天気,http://weather.livedoor.com/area/forecast/471030
久米島町,http://weather.livedoor.com/area/forecast/4736100
沖縄県 南大東 の天気,http://weather.livedoor.com/area/forecast/472000
南大東村,http://weather.livedoor.com/area/forecast/4735700
北大東村,http://weather.livedoor.com/area/forecast/4735800
沖縄県 宮古島 の天気,http://weather.livedoor.com/area/forecast/473000
宮古島市,http://weather.livedoor.com/area/forecast/4721400
多良間村,http://weather.livedoor.com/area/forecast/4737500
沖縄県 石垣島 の天気,http://weather.livedoor.com/area/forecast/474010
石垣市,http://weather.livedoor.com/area/forecast/4720700
竹富町,http://weather.livedoor.com/area/forecast/4738100
沖縄県 与那国島 の天気,http://weather.livedoor.com/area/forecast/474020
与那国町,http://weather.livedoor.com/area/forecast/4738200
